{
	"info": {
		"_postman_id": "c8c23041-1d1d-4d63-a68b-43bfd52035ab",
		"name": "QA Challenge",
		"schema": "https://schema.getpostman.com/json/collection/v2.1.0/collection.json"
	},
	"item": [
		{
			"name": "Get Employee List",
			"event": [
				{
					"listen": "test",
					"script": {
						"exec": [
							"var _ = require('lodash');\r",
							"var jsonResponse = JSON.parse(responseBody);\r",
							"pm.test(\"response is ok (200)\", function () {\r",
							"pm.response.to.have.status(200);\r",
							"});\r",
							"tests[\"Status code is 200\"] = responseCode.code === 200;\r",
							"\r",
							"tests[\"Body\"] = jsonResponse.value !== \"[]\";\r",
							"pm.test(\"Response body = \" + jsonResponse.length , function() {\r",
							"    pm.expect(jsonResponse.length).to.not.eql(0);\r",
							"});\r",
							"\r",
							"//Verifying employee Steve Rogers\r",
							"var valuesById=_.keyBy(jsonResponse, x=>x.id);\r",
							"var record1=valuesById['d4634338-5e14-40ec-b630-c688f727d5cc'];\r",
							"\r",
							"tests[\"lastName for Steve Rogers equals: \" + record1.lastName] = record1.lastName === \"Rogers\";\r",
							"tests[\"firstName for Steve Rogers equals: \" + record1.firstName] = record1.firstName === \"Steve\";\r",
							"tests[\"dependants equals: \" + record1.dependants] = record1.dependants === 1;\r",
							"tests[\"salary equals: \" + record1.salary] = record1.salary === 52000.0;\r",
							"tests[\"gross equals: \" + record1.gross] = record1.gross === 2000.0;\r",
							"tests[\"benefitsCost equals: \" + record1.benefitsCost] = record1.benefitsCost ===  57.69231;\r",
							"tests[\"net equals: \" + record1.net] = record1.net === 1942.30774;\r",
							"\r",
							"//Checking Gross salary for all Employees\r",
							"for(i=0; i < jsonResponse.length; i++)\r",
							"{ \r",
							"    var verifySalary = jsonResponse[i].salary === 52000.00;\r",
							"    var verifyGross = jsonResponse[i].gross === 2000.00;\r",
							"    var getDependents = jsonResponse[i].dependants;\r",
							"    var CostOfBenefit= Math.round(((1000 + (500 * getDependents))/26), 7);\r",
							"    var ExpectCostOfBenefit = Math.round(jsonResponse[i].benefitsCost, 7);\r",
							"    var verifyBenefitOfCost = ExpectCostOfBenefit === CostOfBenefit;\r",
							"    \r",
							"    console.log(\"Salary for employee( \" + i + \")\" + \" \" + verifySalary);\r",
							"    console.log(\"Gross salary is \" + \" \" + verifyGross);\r",
							"    console.log(\"BenefitsCost is \" + \" \" + verifyBenefitOfCost);\r",
							"    console.log(\"BenefitsCost is \" + \" \" + CostOfBenefit);\r",
							"    console.log(\" \");\r",
							"    \r",
							"    pm.test(\"Gross salary for employee(\" + i + \")\" + \" is \" + jsonResponse[i].gross, function() {\r",
							"    pm.expect(jsonResponse[i].gross).to.eql(2000.00);\r",
							"    });\r",
							"    pm.test(\"Salary is = \" + jsonResponse[i].salary, function() {\r",
							"    pm.expect(jsonResponse[i].salary).to.eql(52000.00);\r",
							"    });\r",
							"    pm.test(\"BenefitsCost is = \" + ExpectCostOfBenefit, function() {\r",
							"    pm.expect(ExpectCostOfBenefit).to.eql(CostOfBenefit);\r",
							"    });\r",
							" };\r",
							""
						],
						"type": "text/javascript"
					}
				}
			],
			"request": {
				"auth": {
					"type": "noauth"
				},
				"method": "GET",
				"header": [
					{
						"key": "Authorization",
						"value": "Basic {{token}}",
						"type": "text"
					}
				],
				"url": {
					"raw": "{{Endpoint}}/Prod/api/employees",
					"host": [
						"{{Endpoint}}"
					],
					"path": [
						"Prod",
						"api",
						"employees"
					]
				}
			},
			"response": [
				{
					"name": "Get Employee List",
					"originalRequest": {
						"method": "GET",
						"header": [
							{
								"key": "Authorization",
								"value": "Basic {{token}}",
								"type": "text"
							}
						],
						"url": {
							"raw": "https://wmxrwq14uc.execute-api.us-east-1.amazonaws.com/Prod/api/employees",
							"protocol": "https",
							"host": [
								"wmxrwq14uc",
								"execute-api",
								"us-east-1",
								"amazonaws",
								"com"
							],
							"path": [
								"Prod",
								"api",
								"employees"
							]
						}
					},
					"status": "OK",
					"code": 200,
					"_postman_previewlanguage": "json",
					"header": [
						{
							"key": "Content-Type",
							"value": "application/json; charset=utf-8"
						},
						{
							"key": "Content-Length",
							"value": "626"
						},
						{
							"key": "Connection",
							"value": "keep-alive"
						},
						{
							"key": "Date",
							"value": "Mon, 03 Feb 2020 19:06:53 GMT"
						},
						{
							"key": "x-amzn-RequestId",
							"value": "e1b146c6-7a04-4a7b-96bd-380bb13d9a4e"
						},
						{
							"key": "x-amz-apigw-id",
							"value": "HVZUKE7XoAMF9zA="
						},
						{
							"key": "X-Amzn-Trace-Id",
							"value": "Root=1-5e386f4d-cac36a4413295f7df774bd58;Sampled=0"
						},
						{
							"key": "X-Cache",
							"value": "Miss from cloudfront"
						},
						{
							"key": "Via",
							"value": "1.1 7b891ba5ffaf08dd209adf67026190db.cloudfront.net (CloudFront)"
						},
						{
							"key": "X-Amz-Cf-Pop",
							"value": "ORD52-C1"
						},
						{
							"key": "X-Amz-Cf-Id",
							"value": "hSm_Jsqc_yaXsj2yELKp03K5oDWhSfeYrwgUh_hmlh0v1onUHQaqEQ=="
						}
					],
					"cookie": [],
					"body": "[\n    {\n        \"partitionKey\": \"TestUser1\",\n        \"sortKey\": \"15ab4884-e96c-4b4f-842c-6dd389033766\",\n        \"username\": \"TestUser1\",\n        \"id\": \"15ab4884-e96c-4b4f-842c-6dd389033766\",\n        \"firstName\": \"Steve\",\n        \"lastName\": \"Rogers\",\n        \"dependants\": 1,\n        \"expiration\": \"2020-02-23T17:41:07+00:00\",\n        \"salary\": 52000,\n        \"gross\": 2000,\n        \"benefitsCost\": 57.69231,\n        \"net\": 1942.30774\n    },\n    {\n        \"partitionKey\": \"TestUser1\",\n        \"sortKey\": \"ee4e35f4-bbe8-4905-afaa-48403c19c42e\",\n        \"username\": \"TestUser1\",\n        \"id\": \"ee4e35f4-bbe8-4905-afaa-48403c19c42e\",\n        \"firstName\": \"Tony\",\n        \"lastName\": \"Stark\",\n        \"dependants\": 2,\n        \"expiration\": \"2020-03-03T19:06:35+00:00\",\n        \"salary\": 52000,\n        \"gross\": 2000,\n        \"benefitsCost\": 76.92308,\n        \"net\": 1923.0769\n    }\n]"
				}
			]
		},
		{
			"name": "Add Employee",
			"event": [
				{
					"listen": "test",
					"script": {
						"exec": [
							"var jsonResponse = JSON.parse(responseBody);",
							"",
							"pm.test(\"response is ok (200)\", function () {",
							"pm.response.to.have.status(200);",
							"});",
							"",
							"tests[\"Status code is 200\"] = responseCode.code === 200;",
							"",
							"var jsonData = pm.response.json();",
							"pm.collectionVariables.set(\"id\", jsonData.id);",
							"var employeeId=pm.collectionVariables.get(\"id\", jsonData.id);",
							"pm.test(\"EmployeeId is \" + employeeId);"
						],
						"type": "text/javascript"
					}
				}
			],
			"request": {
				"auth": {
					"type": "noauth"
				},
				"method": "POST",
				"header": [
					{
						"key": "Content-Type",
						"name": "Content-Type",
						"value": "application/json",
						"type": "text"
					},
					{
						"key": "Authorization",
						"value": "Basic {{token}}",
						"type": "text"
					}
				],
				"body": {
					"mode": "raw",
					"raw": "{\n    \"firstName\": \"New\",\n    \"lastName\": \"Employee\",\n    \"dependants\": 3\n}"
				},
				"url": {
					"raw": "{{Endpoint}}/Prod/api/employees",
					"host": [
						"{{Endpoint}}"
					],
					"path": [
						"Prod",
						"api",
						"employees"
					]
				}
			},
			"response": [
				{
					"name": "Add Employee",
					"originalRequest": {
						"method": "POST",
						"header": [
							{
								"key": "Authorization",
								"value": "Basic {{token}}",
								"type": "text"
							},
							{
								"key": "Content-Type",
								"name": "Content-Type",
								"value": "application/json",
								"type": "text"
							}
						],
						"body": {
							"mode": "raw",
							"raw": "{\n    \"firstName\": \"Natasha\",\n    \"lastName\": \"Romanoff\",\n    \"dependants\": 3\n}"
						},
						"url": {
							"raw": "https://wmxrwq14uc.execute-api.us-east-1.amazonaws.com/Prod/api/employees",
							"protocol": "https",
							"host": [
								"wmxrwq14uc",
								"execute-api",
								"us-east-1",
								"amazonaws",
								"com"
							],
							"path": [
								"Prod",
								"api",
								"employees"
							]
						}
					},
					"status": "OK",
					"code": 200,
					"_postman_previewlanguage": "json",
					"header": [
						{
							"key": "Content-Type",
							"value": "application/json; charset=utf-8"
						},
						{
							"key": "Content-Length",
							"value": "278"
						},
						{
							"key": "Connection",
							"value": "keep-alive"
						},
						{
							"key": "Date",
							"value": "Mon, 03 Feb 2020 19:09:21 GMT"
						},
						{
							"key": "x-amzn-RequestId",
							"value": "3396c97b-999d-4f05-9a05-e703570f753e"
						},
						{
							"key": "x-amz-apigw-id",
							"value": "HVZrMGHHoAMFygA="
						},
						{
							"key": "X-Amzn-Trace-Id",
							"value": "Root=1-5e386fe1-6e06a18a49d85a67160a88a7;Sampled=0"
						},
						{
							"key": "X-Cache",
							"value": "Miss from cloudfront"
						},
						{
							"key": "Via",
							"value": "1.1 7b891ba5ffaf08dd209adf67026190db.cloudfront.net (CloudFront)"
						},
						{
							"key": "X-Amz-Cf-Pop",
							"value": "ORD52-C1"
						},
						{
							"key": "X-Amz-Cf-Id",
							"value": "nFIi5rL0BsEjX8yNyOIIgOTSBrAoosGndMNagg_yN3RMBGx-TQYmVA=="
						}
					],
					"cookie": [],
					"body": "{\n    \"partitionKey\": \"TestUser1\",\n    \"sortKey\": \"1945d706-39f3-49eb-bea8-98abcf766e5e\",\n    \"username\": \"TestUser1\",\n    \"id\": \"1945d706-39f3-49eb-bea8-98abcf766e5e\",\n    \"firstName\": \"Natasha\",\n    \"lastName\": \"Romanoff\",\n    \"dependants\": 3,\n    \"salary\": 52000,\n    \"gross\": 2000,\n    \"benefitsCost\": 96.1538544,\n    \"net\": 1903.84619\n}"
				}
			]
		},
		{
			"name": "Get Employee",
			"event": [
				{
					"listen": "test",
					"script": {
						"exec": [
							"var jsonResponse = JSON.parse(responseBody);\r",
							"\r",
							"pm.test(\"response is ok (200)\", function () {\r",
							"pm.response.to.have.status(200);\r",
							"});\r",
							"\r",
							"tests[\"Status code is 200\"] = responseCode.code === 200;\r",
							"\r",
							"pm.test(\"response is ok (200)\", function () {\r",
							"pm.response.to.have.status(200);\r",
							"});\r",
							"\r",
							"tests[\"Status code is 200\"] = responseCode.code === 200;\r",
							"\r",
							"var employeeId=pm.collectionVariables.get(\"id\");\r",
							"tests[\"id equals: \" + jsonResponse.id] = jsonResponse.id === employeeId;\r",
							"tests[\"lastName equals: \" + jsonResponse.lastName] = jsonResponse.lastName === \"Employee\";\r",
							"tests[\"firstName equals: \" + jsonResponse.firstName] = jsonResponse.firstName === \"New\";\r",
							"tests[\"dependants equals: \" + jsonResponse.dependants] = jsonResponse.dependants === 3;\r",
							"tests[\"salary equals: \" + jsonResponse.salary] = jsonResponse.salary === 52000.0;\r",
							"tests[\"gross equals: \" + jsonResponse.gross] = jsonResponse.gross === 2000.0;\r",
							"tests[\"benefitsCost equals: \" + jsonResponse.benefitsCost] = jsonResponse.benefitsCost ===  96.1538544;\r",
							"tests[\"net equals: \" + jsonResponse.net] = jsonResponse.net === 1903.84619;\r",
							""
						],
						"type": "text/javascript"
					}
				}
			],
			"request": {
				"auth": {
					"type": "noauth"
				},
				"method": "GET",
				"header": [
					{
						"key": "Authorization",
						"value": "Basic {{token}}",
						"type": "text"
					}
				],
				"url": {
					"raw": "{{Endpoint}}/Prod/api/employees/{{id}}",
					"host": [
						"{{Endpoint}}"
					],
					"path": [
						"Prod",
						"api",
						"employees",
						"{{id}}"
					]
				}
			},
			"response": [
				{
					"name": "Get Employee",
					"originalRequest": {
						"method": "GET",
						"header": [
							{
								"key": "Authorization",
								"type": "text",
								"value": "Basic {{token}}"
							}
						],
						"url": {
							"raw": "https://wmxrwq14uc.execute-api.us-east-1.amazonaws.com/Prod/api/employees/{{id}}",
							"protocol": "https",
							"host": [
								"wmxrwq14uc",
								"execute-api",
								"us-east-1",
								"amazonaws",
								"com"
							],
							"path": [
								"Prod",
								"api",
								"employees",
								"{{id}}"
							]
						}
					},
					"status": "OK",
					"code": 200,
					"_postman_previewlanguage": "json",
					"header": [
						{
							"key": "Content-Type",
							"value": "application/json; charset=utf-8"
						},
						{
							"key": "Content-Length",
							"value": "319"
						},
						{
							"key": "Connection",
							"value": "keep-alive"
						},
						{
							"key": "Date",
							"value": "Mon, 03 Feb 2020 19:10:22 GMT"
						},
						{
							"key": "x-amzn-RequestId",
							"value": "bf18fb76-80d3-4528-a665-5043bf59f85f"
						},
						{
							"key": "x-amz-apigw-id",
							"value": "HVZ0tHDPoAMFXnA="
						},
						{
							"key": "X-Amzn-Trace-Id",
							"value": "Root=1-5e38701e-9141e79093a7e70db2994c31;Sampled=0"
						},
						{
							"key": "X-Cache",
							"value": "Miss from cloudfront"
						},
						{
							"key": "Via",
							"value": "1.1 7b891ba5ffaf08dd209adf67026190db.cloudfront.net (CloudFront)"
						},
						{
							"key": "X-Amz-Cf-Pop",
							"value": "ORD52-C1"
						},
						{
							"key": "X-Amz-Cf-Id",
							"value": "lrYWY_SO_d8jw6OeCucWpEiCGR4Mwb9BCRHlXXw-9fcWfxq4nvk39Q=="
						}
					],
					"cookie": [],
					"body": "{\n    \"partitionKey\": \"TestUser1\",\n    \"sortKey\": \"1945d706-39f3-49eb-bea8-98abcf766e5e\",\n    \"username\": \"TestUser1\",\n    \"id\": \"1945d706-39f3-49eb-bea8-98abcf766e5e\",\n    \"firstName\": \"Natasha\",\n    \"lastName\": \"Romanoff\",\n    \"dependants\": 3,\n    \"expiration\": \"2020-03-03T19:09:21+00:00\",\n    \"salary\": 52000,\n    \"gross\": 2000,\n    \"benefitsCost\": 96.1538544,\n    \"net\": 1903.84619\n}"
				}
			]
		},
		{
			"name": "Update Employee",
			"event": [
				{
					"listen": "test",
					"script": {
						"exec": [
							"var jsonResponse = JSON.parse(responseBody);\r",
							"\r",
							"pm.test(\"response is ok (200)\", function () {\r",
							"pm.response.to.have.status(200);\r",
							"});\r",
							"\r",
							"tests[\"Status code is 200\"] = responseCode.code === 200;\r",
							"\r",
							"pm.test(\"response is ok (200)\", function () {\r",
							"pm.response.to.have.status(200);\r",
							"});\r",
							"\r",
							"tests[\"Status code is 200\"] = responseCode.code === 200;\r",
							"\r",
							"var employeeId=pm.collectionVariables.get(\"id\");\r",
							"\r",
							"tests[\"pimsId equals: \" + jsonResponse.id] = jsonResponse.id === employeeId;\r",
							"tests[\"dependants equals: \" + jsonResponse.dependants] = jsonResponse.dependants === 5;\r",
							"\r",
							""
						],
						"type": "text/javascript"
					}
				}
			],
			"request": {
				"auth": {
					"type": "noauth"
				},
				"method": "PUT",
				"header": [
					{
						"key": "Content-Type",
						"type": "text",
						"value": "application/json"
					},
					{
						"key": "Authorization",
						"value": "Basic {{token}}",
						"type": "text"
					}
				],
				"body": {
					"mode": "raw",
					"raw": "{\r\n    \"id\": \"{{id}}\",\r\n    \"firstName\": \"New\",\r\n    \"lastName\": \"Employee\",\r\n    \"dependants\": 5\r\n}"
				},
				"url": {
					"raw": "https://wmxrwq14uc.execute-api.us-east-1.amazonaws.com/Prod/api/employees",
					"protocol": "https",
					"host": [
						"wmxrwq14uc",
						"execute-api",
						"us-east-1",
						"amazonaws",
						"com"
					],
					"path": [
						"Prod",
						"api",
						"employees"
					]
				}
			},
			"response": [
				{
					"name": "Update Employee",
					"originalRequest": {
						"method": "PUT",
						"header": [
							{
								"key": "Content-Type",
								"type": "text",
								"value": "application/json"
							},
							{
								"key": "Authorization",
								"value": "Basic {{token}}",
								"type": "text"
							}
						],
						"body": {
							"mode": "raw",
							"raw": "{\r\n    \"id\": \"1945d706-39f3-49eb-bea8-98abcf766e5e\",\r\n    \"firstName\": \"Wanda\",\r\n    \"lastName\": \"Maximoff\",\r\n    \"dependants\": 2\r\n}"
						},
						"url": {
							"raw": "https://wmxrwq14uc.execute-api.us-east-1.amazonaws.com/Prod/api/employees",
							"protocol": "https",
							"host": [
								"wmxrwq14uc",
								"execute-api",
								"us-east-1",
								"amazonaws",
								"com"
							],
							"path": [
								"Prod",
								"api",
								"employees"
							]
						}
					},
					"status": "OK",
					"code": 200,
					"_postman_previewlanguage": "json",
					"header": [
						{
							"key": "Content-Type",
							"value": "application/json; charset=utf-8"
						},
						{
							"key": "Content-Length",
							"value": "273"
						},
						{
							"key": "Connection",
							"value": "keep-alive"
						},
						{
							"key": "Date",
							"value": "Mon, 03 Feb 2020 19:12:29 GMT"
						},
						{
							"key": "x-amzn-RequestId",
							"value": "b3f07a0a-aba4-48e4-9855-2b6fc99920e3"
						},
						{
							"key": "x-amz-apigw-id",
							"value": "HVaIhGR9IAMFZgw="
						},
						{
							"key": "X-Amzn-Trace-Id",
							"value": "Root=1-5e38709c-30cd94066950169ffcb7b740;Sampled=0"
						},
						{
							"key": "X-Cache",
							"value": "Miss from cloudfront"
						},
						{
							"key": "Via",
							"value": "1.1 7b891ba5ffaf08dd209adf67026190db.cloudfront.net (CloudFront)"
						},
						{
							"key": "X-Amz-Cf-Pop",
							"value": "ORD52-C1"
						},
						{
							"key": "X-Amz-Cf-Id",
							"value": "aFTv25JDJ9ReKZpm8rSalwgyZ3wvDFHd39pTnfc_isJNtJ9H4qXnXw=="
						}
					],
					"cookie": [],
					"body": "{\n    \"partitionKey\": \"TestUser1\",\n    \"sortKey\": \"1945d706-39f3-49eb-bea8-98abcf766e5e\",\n    \"username\": \"TestUser1\",\n    \"id\": \"1945d706-39f3-49eb-bea8-98abcf766e5e\",\n    \"firstName\": \"Wanda\",\n    \"lastName\": \"Maximoff\",\n    \"dependants\": 2,\n    \"salary\": 52000,\n    \"gross\": 2000,\n    \"benefitsCost\": 76.92308,\n    \"net\": 1923.0769\n}"
				}
			]
		},
		{
			"name": "Delete Employee",
			"event": [
				{
					"listen": "test",
					"script": {
						"exec": [
							"pm.test(\"response is ok (200)\", function () {\r",
							"pm.response.to.have.status(200);\r",
							"});\r",
							"\r",
							"pm.test(\"Body is Empty\", function () {\r",
							"pm.expect(responseBody).to.be.empty;\r",
							"});"
						],
						"type": "text/javascript"
					}
				}
			],
			"request": {
				"auth": {
					"type": "noauth"
				},
				"method": "DELETE",
				"header": [
					{
						"key": "Authorization",
						"value": "Basic {{token}}",
						"type": "text"
					}
				],
				"url": {
					"raw": "https://wmxrwq14uc.execute-api.us-east-1.amazonaws.com/Prod/api/employees/{{id}}",
					"protocol": "https",
					"host": [
						"wmxrwq14uc",
						"execute-api",
						"us-east-1",
						"amazonaws",
						"com"
					],
					"path": [
						"Prod",
						"api",
						"employees",
						"{{id}}"
					]
				}
			},
			"response": [
				{
					"name": "Delete Employee",
					"originalRequest": {
						"method": "DELETE",
						"header": [
							{
								"key": "Authorization",
								"value": "Basic {{token}}",
								"type": "text"
							}
						],
						"url": {
							"raw": "https://wmxrwq14uc.execute-api.us-east-1.amazonaws.com/Prod/api/employees/{{id}}",
							"protocol": "https",
							"host": [
								"wmxrwq14uc",
								"execute-api",
								"us-east-1",
								"amazonaws",
								"com"
							],
							"path": [
								"Prod",
								"api",
								"employees",
								"{{id}}"
							]
						}
					},
					"status": "OK",
					"code": 200,
					"_postman_previewlanguage": "plain",
					"header": [
						{
							"key": "Content-Length",
							"value": "0"
						},
						{
							"key": "Connection",
							"value": "keep-alive"
						},
						{
							"key": "Date",
							"value": "Mon, 03 Feb 2020 19:13:30 GMT"
						},
						{
							"key": "x-amzn-RequestId",
							"value": "9bc8a4a9-6860-4fea-8d16-e49c291b1d86"
						},
						{
							"key": "x-amz-apigw-id",
							"value": "HVaSIHvFIAMFkCg="
						},
						{
							"key": "X-Amzn-Trace-Id",
							"value": "Root=1-5e3870da-ab5c33d01cc1ff705e9da8a0;Sampled=0"
						},
						{
							"key": "X-Cache",
							"value": "Miss from cloudfront"
						},
						{
							"key": "Via",
							"value": "1.1 7b891ba5ffaf08dd209adf67026190db.cloudfront.net (CloudFront)"
						},
						{
							"key": "X-Amz-Cf-Pop",
							"value": "ORD52-C1"
						},
						{
							"key": "X-Amz-Cf-Id",
							"value": "pr-VjFpfZKGE1FX_OZ9wEbNuPjPBwCOk1AZqg4X54cI-b_Q2MtGVVA=="
						}
					],
					"cookie": [],
					"body": "    "
				}
			]
		}
	],
	"event": [
		{
			"listen": "prerequest",
			"script": {
				"type": "text/javascript",
				"exec": [
					""
				]
			}
		},
		{
			"listen": "test",
			"script": {
				"type": "text/javascript",
				"exec": [
					""
				]
			}
		}
	],
	"variable": [
		{
			"key": "Endpoint",
			"value": "https://wmxrwq14uc.execute-api.us-east-1.amazonaws.com"
		},
		{
			"key": "token",
			"value": "VGVzdFVzZXIzOTpYMG9ULWtQOXtaIWQ="
		},
		{
			"key": "id",
			"value": ""
		}
	]
}